Gender,Age,Debt,Married,BankCustomer,Industry,Ethnicity,YearsEmployed,PriorDefault,Employed,CreditScore,DriversLicense,Citizen,ZipCode,Income,Approved
0,21.75,11.75,1.0,1,Energy,White,0.25,0.0,0.0,0.0,1.0,ByBirth,180.0,0,0
1,20.42,7.5,1.0,1,Financials,White,1.5,1.0,1.0,1.0,0.0,ByBirth,160.0,234,1
1,27.83,1.0,0.0,0,Real Estate,Black,3.0,0.0,0.0,0.0,0.0,ByBirth,176.0,537,0
0,27.42,14.5,1.0,1,Utilities,Black,3.085,1.0,1.0,1.0,0.0,ByBirth,120.0,11,1
1,34.17,,1.0,1,InformationTechnology,White,1.54,1.0,1.0,1.0,1.0,ByBirth,520.0,50000,1
1,28.0,3.0,1.0,1,Industrials,White,0.75,0.0,0.0,0.0,1.0,ByBirth,300.0,67,0
1,23.17,0.0,1.0,1,InformationTechnology,White,0.085,1.0,0.0,0.0,0.0,ByBirth,0.0,0,1
1,41.17,1.25,0.0,0,Industrials,White,0.25,0.0,0.0,0.0,0.0,ByBirth,0.0,195,0
1,31.92,4.46,1.0,1,InformationTechnology,Black,6.04,1.0,1.0,3.0,0.0,ByBirth,311.0,300,1
1,32.42,3.0,1.0,1,Real Estate,White,0.165,0.0,0.0,0.0,1.0,ByBirth,120.0,0,0
1,30.58,2.71,0.0,0,CommunicationServices,White,0.125,0.0,0.0,0.0,1.0,ByOtherMeans,80.0,0,0
1,22.17,12.125,1.0,1,Energy,White,3.335,0.0,1.0,2.0,1.0,ByBirth,180.0,173,0
1,22.25,0.46,1.0,1,Financials,White,0.125,0.0,0.0,0.0,1.0,ByBirth,280.0,55,0
1,30.67,2.5,1.0,1,InformationTechnology,Black,2.25,0.0,0.0,0.0,1.0,ByOtherMeans,340.0,0,0
0,30.58,10.665,1.0,1,Materials,Black,0.085,0.0,1.0,12.0,1.0,ByBirth,129.0,3,0
0,52.17,0.0,0.0,0,Healthcare,Latino,0.0,0.0,0.0,0.0,0.0,ByBirth,0.0,0,0
1,47.17,5.835,1.0,1,Industrials,White,5.5,0.0,0.0,0.0,0.0,ByBirth,465.0,150,0
1,44.0,2.0,1.0,1,CommunicationServices,White,1.75,1.0,1.0,2.0,1.0,ByBirth,0.0,15,1
1,20.75,5.085,0.0,0,Research,White,0.29,0.0,0.0,0.0,0.0,ByBirth,140.0,184,0
1,18.17,10.25,1.0,1,Energy,Black,1.085,0.0,0.0,0.0,0.0,ByBirth,320.0,13,0
0,26.58,2.54,0.0,0,Healthcare,Latino,0.0,0.0,0.0,0.0,1.0,ByBirth,180.0,60,0
0,24.75,13.665,1.0,1,Materials,Black,1.5,0.0,0.0,0.0,0.0,ByBirth,280.0,1,0
1,27.67,13.75,1.0,1,Industrials,White,5.75,1.0,0.0,0.0,1.0,ByBirth,487.0,500,1
1,29.42,1.25,1.0,1,Industrials,White,1.75,0.0,0.0,0.0,0.0,ByBirth,200.0,0,0
0,33.08,4.625,1.0,1,Materials,Black,1.625,1.0,1.0,2.0,0.0,ByBirth,0.0,0,1
1,23.08,0.0,1.0,1,Financials,White,1.0,0.0,1.0,11.0,0.0,ByOtherMeans,0.0,0,0
1,35.25,16.5,0.0,0,Energy,White,4.0,1.0,0.0,0.0,0.0,ByBirth,80.0,0,0
1,28.17,0.125,0.0,0,Financials,White,0.085,0.0,0.0,0.0,0.0,ByBirth,216.0,2100,0
1,54.42,0.5,0.0,0,Financials,Black,3.96,1.0,0.0,,0.0,ByBirth,180.0,314,1
1,56.0,12.5,1.0,1,Financials,Black,8.0,1.0,0.0,0.0,1.0,ByBirth,24.0,2028,1
1,32.25,0.165,0.0,0,Energy,Black,3.25,1.0,1.0,1.0,1.0,ByBirth,432.0,8000,1
1,37.17,4.0,1.0,1,,Asian,5.0,1.0,0.0,0.0,1.0,ByOtherMeans,280.0,0,0
0,19.17,8.585,1.0,1,InformationTechnology,Black,0.75,1.0,1.0,7.0,0.0,ByBirth,96.0,0,1
1,25.67,0.29,0.0,0,Energy,White,1.5,0.0,0.0,0.0,1.0,ByBirth,160.0,0,0
1,17.25,3.0,1.0,1,Financials,White,0.04,0.0,0.0,0.0,1.0,ByBirth,160.0,40,0
0,26.92,13.5,1.0,1,Materials,Black,5.0,1.0,1.0,2.0,0.0,ByBirth,0.0,5000,1
1,44.83,7.0,0.0,0,Energy,,1.625,0.0,0.0,0.0,0.0,ByBirth,160.0,2,0
1,32.08,4.0,0.0,0,InformationTechnology,White,1.5,0.0,0.0,0.0,1.0,ByBirth,120.0,0,0
1,19.0,0.0,0.0,0,Healthcare,Latino,0.0,0.0,1.0,4.0,0.0,ByBirth,45.0,1,0
1,31.25,2.835,1.0,1,Healthcare,Latino,0.0,0.0,1.0,5.0,0.0,ByBirth,176.0,146,0
1,19.17,4.0,0.0,0,ConsumerDiscretionary,White,1.0,0.0,0.0,0.0,1.0,ByBirth,360.0,1000,0
1,33.75,2.75,1.0,1,ConsumerDiscretionary,Asian,0.0,0.0,0.0,0.0,0.0,ByBirth,180.0,0,0
1,18.58,10.29,1.0,1,Healthcare,Latino,0.415,0.0,0.0,0.0,0.0,ByBirth,80.0,0,0
0,22.25,1.25,0.0,0,Healthcare,Latino,3.25,0.0,0.0,0.0,0.0,ByBirth,280.0,0,0
1,19.58,0.585,1.0,1,Healthcare,Latino,0.0,0.0,1.0,3.0,0.0,ByBirth,350.0,769,0
0,25.25,13.5,0.0,0,Healthcare,Latino,2.0,0.0,1.0,1.0,1.0,ByBirth,200.0,1,0
1,27.25,0.625,1.0,1,ConsumerStaples,White,0.455,1.0,0.0,0.0,1.0,ByBirth,200.0,0,0
1,76.75,22.29,1.0,1,Education,Other,12.75,1.0,1.0,1.0,1.0,ByBirth,0.0,109,1
1,18.42,10.415,0.0,0,ConsumerStaples,White,0.125,1.0,0.0,0.0,0.0,ByBirth,120.0,375,0
1,44.33,0.5,1.0,1,ConsumerDiscretionary,Black,5.0,1.0,0.0,0.0,1.0,ByBirth,320.0,0,1
1,29.83,1.25,0.0,0,Financials,White,0.25,0.0,0.0,0.0,0.0,ByBirth,224.0,0,0
1,43.25,3.0,1.0,1,Materials,Black,6.0,1.0,1.0,11.0,0.0,ByBirth,80.0,0,1
1,28.46,5.0,0.0,0,ConsumerStaples,White,8.5,1.0,0.0,0.0,0.0,ByBirth,0.0,0,0
1,27.83,1.5,1.0,1,Industrials,White,2.0,1.0,,11.0,1.0,ByBirth,434.0,35,1
0,19.67,0.21,1.0,1,Materials,Black,0.29,1.0,1.0,11.0,0.0,ByBirth,80.0,99,1
0,41.33,1.0,1.0,1,ConsumerDiscretionary,Asian,2.25,1.0,0.0,0.0,1.0,ByBirth,0.0,300,1
1,43.08,0.375,0.0,0,Energy,White,0.375,1.0,1.0,8.0,1.0,ByBirth,300.0,162,1
1,16.25,0.0,0.0,0,ConsumerStaples,White,0.25,0.0,0.0,0.0,0.0,ByBirth,60.0,0,0
1,28.92,15.0,1.0,1,Energy,Black,5.335,1.0,1.0,11.0,0.0,ByBirth,0.0,2283,1
1,56.75,12.25,1.0,1,CommunicationServices,White,1.25,1.0,,4.0,1.0,ByBirth,200.0,0,1
1,32.67,5.5,1.0,1,Materials,Black,5.5,1.0,1.0,12.0,1.0,ByBirth,408.0,1000,1
1,28.25,0.875,1.0,1,CommunicationServices,White,0.96,1.0,1.0,3.0,1.0,ByBirth,396.0,0,1
1,24.5,12.75,1.0,1,Energy,Asian,4.75,1.0,1.0,2.0,0.0,ByBirth,73.0,444,1
0,30.25,5.5,1.0,1,Financials,White,5.5,0.0,0.0,0.0,1.0,ByOtherMeans,100.0,0,0
1,39.0,5.0,1.0,1,InformationTechnology,White,3.5,1.0,1.0,10.0,1.0,ByBirth,0.0,0,1
1,53.92,9.625,1.0,1,Education,White,8.665,1.0,1.0,5.0,0.0,ByBirth,0.0,0,1
1,30.83,0.0,1.0,1,Industrials,White,1.25,1.0,1.0,1.0,0.0,ByBirth,202.0,0,1
0,49.83,13.585,1.0,1,Financials,Black,8.5,1.0,0.0,0.0,1.0,,0.0,0,1
1,35.17,25.125,1.0,1,Utilities,Black,1.625,1.0,1.0,1.0,1.0,ByBirth,515.0,500,1
1,20.08,0.125,1.0,1,Materials,White,1.0,0.0,1.0,1.0,0.0,ByBirth,240.0,768,1
0,24.5,1.04,0.0,0,Healthcare,Latino,0.5,1.0,1.0,3.0,0.0,ByBirth,180.0,147,0
0,36.0,1.0,1.0,1,Energy,,2.0,1.0,,11.0,0.0,ByBirth,0.0,456,1
0,51.92,6.5,1.0,1,ConsumerDiscretionary,Asian,3.085,0.0,0.0,0.0,1.0,ByBirth,73.0,0,0
1,57.83,7.04,1.0,1,CommunicationServices,White,14.0,1.0,1.0,6.0,1.0,ByBirth,360.0,1332,1
0,32.17,1.46,1.0,1,Industrials,White,1.085,1.0,1.0,16.0,0.0,ByBirth,120.0,2079,1
1,20.0,0.0,1.0,1,Real Estate,White,0.5,0.0,0.0,0.0,0.0,ByBirth,144.0,0,0
1,28.46,0.04,0.0,0,Real Estate,White,4.25,0.0,0.0,0.0,1.0,ByBirth,460.0,0,0
0,23.58,11.5,0.0,0,Financials,Black,3.0,0.0,0.0,0.0,1.0,ByBirth,20.0,16,0
1,41.0,0.04,1.0,1,Education,White,0.04,0.0,1.0,1.0,0.0,ByOtherMeans,560.0,0,1
0,27.67,1.5,1.0,1,CommunicationServices,White,2.0,1.0,0.0,0.0,0.0,ByOtherMeans,368.0,0,0
1,35.75,2.415,1.0,1,Industrials,White,0.125,0.0,1.0,2.0,0.0,ByBirth,220.0,1,0
0,22.67,0.75,1.0,1,Energy,White,2.0,0.0,1.0,2.0,1.0,ByBirth,200.0,394,0
1,48.08,6.04,1.0,1,Financials,White,0.04,0.0,0.0,0.0,0.0,ByBirth,0.0,2690,1
1,39.92,6.21,1.0,1,Materials,White,0.04,1.0,1.0,1.0,0.0,ByBirth,200.0,300,1
1,51.33,10.0,1.0,1,ConsumerDiscretionary,Asian,0.0,1.0,1.0,11.0,0.0,ByBirth,0.0,1249,1
1,23.75,12.0,1.0,1,Energy,White,2.085,0.0,0.0,0.0,0.0,ByOtherMeans,80.0,0,0
0,24.75,3.0,1.0,1,Materials,Black,1.835,1.0,1.0,19.0,0.0,ByBirth,0.0,500,1
1,36.17,18.125,1.0,1,Industrials,White,0.085,0.0,0.0,0.0,0.0,ByBirth,320.0,3552,0
1,27.83,4.0,0.0,0,ConsumerDiscretionary,Black,5.75,1.0,1.0,2.0,1.0,ByBirth,75.0,0,0
0,25.75,0.5,1.0,1,Energy,Black,0.875,1.0,0.0,0.0,1.0,ByBirth,491.0,0,1
1,31.67,16.165,1.0,1,Real Estate,White,3.0,1.0,1.0,9.0,0.0,ByBirth,250.0,730,1
1,42.25,1.75,0.0,0,Energy,White,0.0,0.0,0.0,0.0,1.0,ByBirth,150.0,1,0
1,48.25,25.085,1.0,1,Industrials,White,1.75,1.0,1.0,3.0,0.0,ByBirth,120.0,14,1
0,37.75,5.5,1.0,1,Materials,White,0.125,1.0,0.0,0.0,1.0,ByBirth,228.0,0,1
1,13.75,4.0,0.0,0,Industrials,White,1.75,1.0,1.0,2.0,1.0,ByBirth,120.0,1000,1
0,16.33,0.21,1.0,1,ConsumerStaples,White,0.125,0.0,0.0,0.0,0.0,ByBirth,200.0,1,0
1,20.08,0.25,1.0,1,Materials,White,0.125,0.0,0.0,0.0,0.0,ByBirth,200.0,0,0
1,49.17,2.29,1.0,1,Healthcare,Latino,0.29,0.0,0.0,0.0,0.0,ByBirth,200.0,3,0
0,16.92,0.5,1.0,1,ConsumerDiscretionary,White,0.165,0.0,1.0,6.0,1.0,ByBirth,240.0,35,0
0,18.83,9.54,1.0,1,ConsumerStaples,White,0.085,1.0,0.0,0.0,0.0,ByBirth,100.0,0,1
1,24.08,9.0,1.0,1,ConsumerStaples,White,0.25,0.0,0.0,0.0,1.0,ByBirth,0.0,0,0
1,20.67,0.835,0.0,0,Energy,White,2.0,0.0,0.0,0.0,1.0,ByOtherMeans,240.0,0,0
1,23.58,0.46,0.0,0,Industrials,White,2.625,1.0,1.0,6.0,1.0,ByBirth,208.0,347,0
1,32.33,3.5,1.0,1,Financials,White,0.5,0.0,0.0,0.0,1.0,ByBirth,232.0,0,0
1,34.08,6.5,1.0,1,ConsumerStaples,White,0.125,1.0,,0.0,1.0,ByBirth,443.0,0,0
1,21.0,3.0,0.0,0,Real Estate,White,1.085,1.0,1.0,8.0,1.0,ByBirth,160.0,1,1
0,47.42,8.0,1.0,1,Education,Asian,6.5,1.0,1.0,6.0,0.0,ByBirth,375.0,51100,1
1,48.33,12.0,1.0,1,CommunicationServices,White,16.0,1.0,0.0,0.0,0.0,ByOtherMeans,110.0,0,1
1,40.58,3.29,1.0,1,CommunicationServices,White,3.5,0.0,0.0,0.0,1.0,ByOtherMeans,400.0,0,0
0,25.0,0.875,1.0,1,Utilities,Black,1.04,1.0,0.0,0.0,1.0,ByBirth,160.0,5860,1
0,24.33,2.5,0.0,0,ConsumerDiscretionary,Asian,4.5,0.0,0.0,0.0,0.0,ByBirth,200.0,456,0
1,28.67,9.335,1.0,1,Materials,Black,5.665,1.0,1.0,6.0,0.0,ByBirth,381.0,168,1
1,19.42,6.5,1.0,1,Industrials,Black,1.46,1.0,1.0,7.0,0.0,ByBirth,80.0,2954,1
1,33.17,3.04,0.0,0,Energy,Black,2.04,1.0,1.0,1.0,1.0,ByBirth,180.0,18027,1
1,18.83,0.0,1.0,1,Materials,White,0.665,0.0,0.0,0.0,0.0,ByBirth,160.0,1,0
0,22.58,10.75,1.0,1,Materials,White,0.415,1.0,1.0,5.0,1.0,ByBirth,0.0,560,1
1,48.75,8.5,1.0,1,Energy,Black,12.5,1.0,1.0,9.0,0.0,,181.0,1655,1
1,52.5,6.5,1.0,1,Financials,White,6.29,1.0,1.0,15.0,0.0,ByBirth,0.0,11202,1
0,21.5,6.0,1.0,1,ConsumerStaples,White,2.5,1.0,1.0,3.0,0.0,ByBirth,80.0,918,1
1,18.83,3.54,0.0,0,Healthcare,Latino,0.0,0.0,0.0,0.0,1.0,ByBirth,180.0,1,0
0,55.75,7.08,1.0,1,Financials,Black,6.75,1.0,1.0,3.0,1.0,ByBirth,100.0,50,0
1,18.25,0.165,1.0,1,Real Estate,White,0.25,0.0,0.0,0.0,1.0,ByOtherMeans,280.0,0,0
1,35.58,0.75,1.0,1,Financials,White,1.5,0.0,0.0,0.0,1.0,ByBirth,231.0,0,0
1,27.83,1.5,1.0,1,Industrials,White,2.25,0.0,1.0,1.0,1.0,ByBirth,100.0,3,0
0,28.58,1.665,1.0,1,Materials,White,2.415,1.0,0.0,0.0,1.0,ByBirth,440.0,0,0
1,34.08,0.08,0.0,0,CommunicationServices,Asian,0.04,1.0,1.0,1.0,1.0,ByBirth,280.0,2000,1
0,60.92,5.0,1.0,1,ConsumerStaples,White,4.0,1.0,1.0,4.0,0.0,ByBirth,0.0,99,1
0,20.75,10.335,1.0,1,InformationTechnology,Black,0.335,1.0,1.0,1.0,1.0,ByBirth,80.0,50,1
1,39.83,0.5,1.0,1,CommunicationServices,White,0.25,1.0,0.0,0.0,0.0,ByOtherMeans,288.0,0,0
1,23.92,1.5,1.0,1,Real Estate,Black,1.875,1.0,1.0,6.0,0.0,ByBirth,200.0,327,1
0,30.42,1.375,1.0,1,Industrials,Black,0.04,0.0,1.0,3.0,0.0,ByBirth,0.0,33,0
1,48.75,26.335,0.0,0,Healthcare,Latino,0.0,1.0,0.0,0.0,1.0,ByBirth,0.0,0,0
0,25.0,11.0,0.0,0,ConsumerStaples,White,4.5,1.0,0.0,0.0,0.0,ByBirth,120.0,0,0
0,23.25,5.875,1.0,1,Materials,White,3.17,1.0,1.0,10.0,0.0,ByBirth,120.0,245,1
1,47.67,0.29,1.0,1,,Asian,15.0,1.0,1.0,20.0,0.0,ByBirth,0.0,15000,1
0,24.5,1.75,0.0,0,Energy,White,0.165,0.0,0.0,0.0,0.0,ByBirth,132.0,0,0
1,62.75,7.0,1.0,1,Education,Other,0.0,0.0,0.0,0.0,0.0,ByBirth,0.0,12,0
1,54.33,6.75,1.0,1,Energy,Black,2.625,1.0,1.0,11.0,1.0,ByBirth,0.0,284,1
0,30.5,6.5,1.0,1,Energy,Asian,4.0,1.0,1.0,7.0,1.0,ByBirth,0.0,3065,1
1,30.75,1.585,1.0,1,Real Estate,White,0.585,0.0,0.0,0.0,1.0,ByOtherMeans,0.0,0,0
1,34.42,1.335,1.0,1,ConsumerDiscretionary,Asian,0.125,0.0,0.0,0.0,1.0,ByBirth,440.0,4500,0
1,29.92,1.835,,1,Energy,Black,4.335,1.0,0.0,0.0,0.0,ByBirth,260.0,200,1
1,34.0,4.5,1.0,1,ConsumerStaples,White,1.0,,0.0,0.0,1.0,ByBirth,240.0,0,0
0,45.0,4.585,1.0,1,Financials,Black,1.0,0.0,0.0,0.0,1.0,ByOtherMeans,240.0,0,0
0,16.0,0.165,1.0,1,ConsumerStaples,White,1.0,0.0,1.0,2.0,1.0,ByBirth,320.0,1,0
1,34.0,5.5,0.0,0,Energy,White,1.5,0.0,0.0,0.0,1.0,ByBirth,60.0,0,0
1,26.67,2.71,0.0,0,InformationTechnology,White,5.25,1.0,1.0,1.0,0.0,ByBirth,211.0,0,1
0,20.83,3.0,1.0,1,ConsumerStaples,White,0.04,1.0,0.0,0.0,0.0,ByBirth,100.0,0,1
1,17.58,10.0,1.0,1,Industrials,Black,0.165,0.0,,1.0,0.0,,120.0,1,0
1,25.67,12.5,1.0,1,InformationTechnology,White,1.21,1.0,1.0,67.0,1.0,ByBirth,140.0,258,1
1,23.92,0.665,1.0,1,Energy,White,0.165,0.0,0.0,0.0,0.0,ByBirth,100.0,0,1
0,37.33,2.5,1.0,1,ConsumerDiscretionary,Black,0.21,0.0,0.0,0.0,0.0,ByBirth,260.0,246,0
0,25.25,12.5,1.0,1,Real Estate,White,1.0,0.0,0.0,0.0,1.0,ByBirth,180.0,1062,0
1,39.17,1.625,1.0,1,Energy,White,1.5,1.0,1.0,10.0,0.0,ByBirth,186.0,4700,1
1,31.25,1.125,1.0,1,Healthcare,Latino,0.0,0.0,1.0,1.0,0.0,ByBirth,96.0,19,0
0,21.25,2.335,1.0,1,ConsumerDiscretionary,Asian,0.5,,1.0,4.0,0.0,ByOtherMeans,80.0,0,1
1,40.58,5.0,1.0,1,Energy,White,5.0,1.0,1.0,7.0,,ByBirth,0.0,3065,1
1,22.0,7.835,0.0,0,ConsumerDiscretionary,Asian,0.165,0.0,0.0,0.0,1.0,ByBirth,0.0,0,0
1,28.58,3.625,1.0,1,ConsumerStaples,White,0.25,0.0,0.0,0.0,1.0,ByBirth,100.0,0,0
1,37.75,7.0,1.0,1,Materials,Black,11.5,1.0,1.0,7.0,1.0,ByBirth,300.0,5,0
0,48.17,1.335,1.0,1,ConsumerDiscretionary,Other,0.335,0.0,0.0,0.0,0.0,ByBirth,0.0,120,0
0,25.33,2.085,1.0,1,Energy,Black,2.75,1.0,0.0,0.0,1.0,ByBirth,360.0,1,0
0,28.58,3.54,1.0,1,ConsumerDiscretionary,Asian,0.5,1.0,0.0,0.0,1.0,ByBirth,171.0,0,0
1,36.67,2.0,1.0,1,ConsumerDiscretionary,White,0.25,0.0,0.0,0.0,1.0,ByBirth,221.0,0,0
1,40.92,0.5,0.0,0,CommunicationServices,White,0.5,0.0,0.0,0.0,1.0,ByBirth,130.0,0,0
1,26.5,2.71,0.0,0,Energy,White,0.085,0.0,0.0,0.0,0.0,ByOtherMeans,80.0,0,0
1,25.92,0.875,1.0,1,Financials,White,0.375,0.0,1.0,2.0,1.0,ByBirth,174.0,3,0
1,22.17,2.25,1.0,1,ConsumerDiscretionary,White,0.125,0.0,0.0,0.0,0.0,ByBirth,160.0,10,0
0,23.42,0.79,0.0,0,,White,1.5,1.0,1.0,2.0,1.0,ByBirth,80.0,400,1
1,18.17,2.46,1.0,1,Energy,Other,0.96,0.0,1.0,2.0,1.0,ByBirth,160.0,587,0
1,21.83,1.54,1.0,1,Financials,White,0.085,0.0,0.0,0.0,1.0,ByBirth,356.0,0,0
0,18.92,9.0,1.0,1,ConsumerStaples,White,0.75,1.0,1.0,2.0,0.0,ByBirth,88.0,591,1
1,48.58,6.5,1.0,1,Materials,Black,6.0,1.0,0.0,0.0,1.0,ByBirth,350.0,0,1
1,29.83,2.04,0.0,0,Utilities,Black,0.04,0.0,0.0,0.0,0.0,ByBirth,128.0,1,0
1,23.58,1.79,1.0,1,Energy,White,0.54,0.0,0.0,0.0,1.0,ByBirth,136.0,1,0
1,34.75,15.0,1.0,1,Transport,Other,5.375,1.0,1.0,9.0,1.0,ByBirth,0.0,134,1
0,18.17,10.0,0.0,0,Materials,Black,0.165,0.0,0.0,0.0,0.0,ByBirth,340.0,0,0
0,25.58,0.0,1.0,1,Energy,White,0.0,0.0,0.0,0.0,0.0,Temporary,0.0,0,1
0,21.08,5.0,0.0,0,Healthcare,Latino,0.0,0.0,0.0,0.0,0.0,ByBirth,0.0,0,0
1,62.5,12.75,0.0,0,Energy,Black,5.0,1.0,0.0,0.0,0.0,ByBirth,112.0,0,0
0,27.58,3.0,1.0,1,CommunicationServices,White,2.79,0.0,1.0,1.0,1.0,ByBirth,280.0,10,0
1,42.08,1.04,1.0,1,Industrials,White,5.0,1.0,1.0,6.0,1.0,ByBirth,500.0,10000,1
1,22.5,11.5,0.0,0,CommunicationServices,White,1.5,0.0,0.0,0.0,1.0,ByBirth,0.0,4000,0
1,28.17,0.585,1.0,1,ConsumerStaples,White,0.04,0.0,0.0,0.0,0.0,ByBirth,260.0,1004,0
0,28.46,11.25,1.0,1,Healthcare,Latino,0.0,0.0,0.0,0.0,0.0,ByBirth,0.0,5200,0
0,28.46,1.5,1.0,1,Healthcare,Latino,0.0,0.0,1.0,2.0,1.0,ByBirth,200.0,105,0
1,28.46,4.0,1.0,1,Utilities,White,5.0,1.0,1.0,3.0,1.0,ByBirth,290.0,2279,1
0,38.75,1.5,1.0,1,Healthcare,Latino,0.0,0.0,0.0,0.0,0.0,ByBirth,76.0,0,0
1,33.58,0.335,0.0,0,InformationTechnology,White,0.085,0.0,0.0,0.0,0.0,ByBirth,180.0,0,0
0,19.58,0.665,1.0,1,Industrials,White,1.665,0.0,0.0,0.0,0.0,ByBirth,220.0,5,0
1,48.58,0.205,0.0,0,Financials,White,0.25,1.0,1.0,11.0,0.0,ByBirth,380.0,2732,1
1,27.67,2.0,1.0,1,Utilities,Black,1.0,1.0,1.0,4.0,0.0,ByBirth,140.0,7544,1
1,51.83,3.0,0.0,0,Healthcare,Latino,1.5,0.0,0.0,0.0,0.0,ByBirth,180.0,4,0
1,28.46,4.0,0.0,0,ConsumerDiscretionary,White,0.085,0.0,0.0,0.0,1.0,ByBirth,411.0,0,0
1,25.0,12.0,1.0,1,Financials,White,2.25,1.0,1.0,2.0,1.0,ByBirth,120.0,5,0
0,23.0,1.835,1.0,1,Research,Other,0.0,0.0,1.0,1.0,0.0,ByBirth,200.0,53,0
1,23.25,1.5,1.0,1,Materials,White,2.375,1.0,1.0,3.0,1.0,ByBirth,0.0,582,1
1,30.08,1.04,0.0,0,ConsumerDiscretionary,Asian,0.5,1.0,1.0,10.0,1.0,ByBirth,132.0,28,0
1,26.83,0.54,1.0,1,Financials,Latino,0.0,0.0,0.0,0.0,0.0,ByBirth,100.0,0,0
0,40.83,10.0,1.0,1,Materials,Black,1.75,1.0,0.0,0.0,0.0,ByBirth,29.0,837,1
1,38.25,10.125,0.0,0,Financials,White,0.125,0.0,0.0,0.0,0.0,ByBirth,160.0,0,0
1,,19.0,1.0,1,Healthcare,Latino,0.0,1.0,1.0,1.0,0.0,ByBirth,94.0,0,0
1,27.67,0.75,1.0,1,Materials,Black,0.165,0.0,0.0,0.0,1.0,ByBirth,220.0,251,0
1,19.42,1.5,0.0,0,InformationTechnology,White,2.0,1.0,0.0,0.0,1.0,ByBirth,100.0,20,0
0,23.58,0.83,1.0,1,Materials,White,0.415,0.0,1.0,1.0,1.0,ByBirth,200.0,11,0
1,28.25,5.04,0.0,0,Energy,Asian,1.5,1.0,1.0,8.0,1.0,ByBirth,144.0,7,1
1,27.83,1.54,1.0,1,Industrials,White,3.75,1.0,1.0,5.0,1.0,ByBirth,100.0,3,1
0,57.08,0.335,1.0,1,ConsumerDiscretionary,Asian,1.0,1.0,0.0,0.0,1.0,ByBirth,252.0,2197,0
1,42.5,4.915,0.0,0,Industrials,White,3.165,1.0,0.0,0.0,1.0,ByBirth,52.0,1442,1
1,26.17,0.835,1.0,1,InformationTechnology,White,1.165,0.0,0.0,0.0,0.0,ByBirth,100.0,0,0
1,19.42,7.25,1.0,1,CommunicationServices,White,0.04,0.0,1.0,1.0,0.0,ByBirth,100.0,1,0
1,19.17,0.0,0.0,0,CommunicationServices,Asian,0.0,0.0,0.0,0.0,1.0,ByOtherMeans,500.0,1,1
1,24.5,13.335,0.0,0,ConsumerStaples,White,0.04,0.0,0.0,0.0,1.0,ByBirth,120.0,475,0
1,20.17,8.17,1.0,1,ConsumerStaples,White,1.96,1.0,1.0,14.0,0.0,,60.0,158,1
1,22.58,1.5,0.0,0,ConsumerStaples,White,0.54,0.0,0.0,0.0,1.0,ByBirth,120.0,67,0
1,28.33,5.0,1.0,1,Industrials,White,11.0,1.0,0.0,0.0,1.0,ByBirth,70.0,0,1
0,22.67,0.79,1.0,1,ConsumerDiscretionary,White,0.085,0.0,0.0,0.0,0.0,ByBirth,144.0,0,0
0,26.17,2.0,1.0,1,Research,Other,0.0,0.0,0.0,0.0,1.0,ByBirth,276.0,1,0
1,19.0,1.75,0.0,0,Energy,White,2.335,0.0,0.0,0.0,1.0,ByBirth,112.0,6,0
1,42.83,1.25,1.0,1,CommunicationServices,White,13.875,0.0,1.0,1.0,1.0,ByBirth,352.0,112,0
0,21.75,1.75,0.0,0,Research,Other,0.0,0.0,0.0,0.0,0.0,ByBirth,160.0,0,0
1,27.42,12.5,1.0,1,ConsumerStaples,Asian,0.25,0.0,0.0,0.0,1.0,ByBirth,720.0,0,0
1,48.17,7.625,1.0,1,Industrials,Black,15.5,1.0,1.0,12.0,0.0,ByBirth,0.0,790,1
1,34.17,9.17,1.0,1,Energy,White,4.5,1.0,1.0,12.0,1.0,ByBirth,0.0,221,1
0,23.58,0.585,0.0,0,Healthcare,Latino,0.125,0.0,0.0,0.0,0.0,ByBirth,120.0,87,0
1,34.25,1.75,1.0,1,Industrials,Asian,0.25,1.0,0.0,0.0,1.0,ByBirth,163.0,0,0
1,32.08,4.0,1.0,1,CommunicationServices,White,2.5,1.0,0.0,0.0,1.0,ByBirth,360.0,0,1
1,59.67,1.54,1.0,1,Materials,White,0.125,1.0,0.0,0.0,1.0,ByBirth,260.0,0,1
1,25.33,0.58,1.0,1,Energy,White,0.29,1.0,1.0,7.0,1.0,ByBirth,96.0,5124,1
1,59.5,2.75,1.0,1,Industrials,White,1.75,1.0,1.0,5.0,1.0,ByBirth,60.0,58,1
1,23.08,2.5,1.0,1,Healthcare,Latino,0.085,0.0,0.0,0.0,1.0,ByBirth,100.0,4208,0
1,27.75,0.585,0.0,0,InformationTechnology,White,0.25,1.0,1.0,2.0,0.0,ByBirth,260.0,500,1
0,27.17,1.25,1.0,1,Healthcare,Latino,0.0,0.0,1.0,1.0,0.0,ByBirth,92.0,300,0
1,51.58,15.0,1.0,1,Energy,White,8.5,1.0,1.0,9.0,0.0,ByBirth,0.0,0,1
1,24.42,2.0,1.0,1,Education,Other,0.165,0.0,1.0,2.0,0.0,ByBirth,320.0,1300,0
0,17.92,0.54,1.0,1,Energy,White,1.75,0.0,1.0,1.0,1.0,ByBirth,80.0,5,0
0,24.83,4.5,1.0,1,Industrials,White,1.0,0.0,0.0,0.0,1.0,ByBirth,360.0,6,0
1,25.08,1.71,1.0,1,Utilities,White,1.665,1.0,1.0,1.0,1.0,ByBirth,395.0,20,1
1,25.5,0.375,1.0,1,CommunicationServices,White,0.25,1.0,1.0,3.0,0.0,ByBirth,260.0,15108,1
0,23.5,9.0,1.0,1,Materials,White,8.5,1.0,1.0,5.0,1.0,ByBirth,120.0,0,1
1,54.58,9.415,1.0,1,Healthcare,Latino,14.415,1.0,1.0,11.0,1.0,ByBirth,30.0,300,1
1,20.17,5.625,1.0,1,Industrials,White,1.71,1.0,0.0,0.0,0.0,ByOtherMeans,120.0,0,1
0,36.75,5.125,1.0,1,Education,White,5.0,1.0,0.0,0.0,1.0,ByBirth,0.0,4000,1
1,80.25,5.5,1.0,1,Energy,White,0.54,1.0,0.0,0.0,0.0,ByBirth,0.0,340,0
0,40.33,7.54,0.0,0,Materials,Black,8.0,1.0,1.0,14.0,0.0,ByBirth,0.0,2300,1
1,22.25,9.0,1.0,1,ConsumerStaples,White,0.085,0.0,0.0,0.0,0.0,ByBirth,0.0,0,0
1,17.42,6.5,1.0,1,ConsumerDiscretionary,White,0.125,0.0,0.0,0.0,0.0,ByBirth,60.0,100,0
1,20.0,1.25,0.0,0,Financials,White,0.125,0.0,0.0,0.0,0.0,ByBirth,140.0,4,0
1,20.5,2.415,1.0,1,Energy,White,2.0,1.0,1.0,11.0,1.0,ByBirth,200.0,3000,1
1,16.0,3.125,1.0,1,Industrials,White,0.085,0.0,1.0,1.0,0.0,ByBirth,0.0,6,0
0,28.5,1.0,1.0,1,Materials,White,1.0,1.0,1.0,2.0,1.0,ByBirth,167.0,500,0
1,19.17,9.5,1.0,1,Industrials,White,1.5,1.0,0.0,0.0,0.0,ByBirth,120.0,2206,1
1,42.0,,1.0,1,Utilities,Black,7.96,1.0,,8.0,0.0,ByBirth,0.0,0,1
1,26.17,0.25,1.0,1,ConsumerDiscretionary,Asian,0.0,1.0,0.0,0.0,1.0,ByBirth,0.0,0,1
0,20.5,11.835,1.0,1,Energy,Black,6.0,1.0,0.0,0.0,0.0,ByBirth,340.0,0,1
1,36.17,5.5,1.0,1,ConsumerDiscretionary,Asian,5.0,0.0,0.0,0.0,0.0,ByBirth,210.0,687,0
1,23.5,2.75,1.0,1,Healthcare,Latino,4.5,0.0,0.0,0.0,0.0,ByBirth,160.0,25,0
1,26.75,4.5,0.0,0,Energy,Asian,2.5,0.0,0.0,0.0,0.0,ByBirth,200.0,1210,0
1,23.75,0.415,0.0,0,Energy,White,0.04,0.0,1.0,2.0,0.0,ByBirth,128.0,6,0
1,19.5,0.29,1.0,1,Financials,White,0.29,0.0,0.0,0.0,0.0,ByBirth,280.0,364,0
0,33.25,2.5,0.0,0,Energy,White,2.5,0.0,0.0,0.0,1.0,ByBirth,0.0,2,0
1,34.0,5.085,0.0,0,ConsumerDiscretionary,Asian,1.085,0.0,0.0,0.0,1.0,ByBirth,480.0,0,0
1,40.0,6.5,1.0,1,ConsumerStaples,Asian,3.5,1.0,1.0,1.0,0.0,ByBirth,0.0,500,1
1,26.25,1.54,1.0,1,Industrials,White,0.125,0.0,0.0,0.0,0.0,ByBirth,100.0,0,0
1,19.5,9.585,1.0,1,ConsumerStaples,White,0.79,0.0,0.0,0.0,0.0,ByBirth,80.0,350,0
1,32.75,2.335,1.0,1,Real Estate,Black,5.75,0.0,0.0,0.0,1.0,ByBirth,292.0,0,0
0,27.33,1.665,1.0,1,Healthcare,Latino,0.0,0.0,0.0,0.0,0.0,ByBirth,340.0,1,0
0,24.08,0.5,1.0,1,Materials,Black,1.25,1.0,1.0,1.0,0.0,ByBirth,0.0,678,1
1,25.67,3.25,1.0,1,Energy,Black,2.29,0.0,1.0,1.0,1.0,ByBirth,416.0,21,0
1,21.67,1.165,0.0,0,Financials,White,2.5,1.0,1.0,1.0,0.0,ByBirth,180.0,20,0
0,18.83,4.415,0.0,0,Energy,Black,3.0,1.0,0.0,0.0,0.0,ByBirth,240.0,0,1
1,29.67,1.415,1.0,1,Industrials,Black,0.75,1.0,1.0,1.0,0.0,ByBirth,240.0,100,1
1,36.25,5.0,1.0,1,Energy,Asian,2.5,1.0,1.0,6.0,0.0,ByBirth,0.0,367,1
1,41.92,0.42,1.0,1,Energy,Black,0.21,1.0,1.0,6.0,0.0,ByBirth,220.0,948,1
0,22.83,2.29,1.0,1,Materials,Black,2.29,1.0,1.0,7.0,1.0,ByBirth,140.0,2384,1
1,40.25,21.5,1.0,1,Education,Other,20.0,1.0,1.0,11.0,0.0,ByBirth,0.0,1200,1
1,48.08,3.75,1.0,1,ConsumerDiscretionary,Asian,1.0,0.0,0.0,0.0,0.0,ByBirth,100.0,2,0
1,26.33,13.0,1.0,1,Education,Other,0.0,0.0,0.0,0.0,1.0,ByBirth,140.0,1110,0
1,39.17,1.71,1.0,1,Utilities,White,0.125,1.0,1.0,5.0,1.0,ByBirth,480.0,0,1
1,41.75,0.96,1.0,1,Utilities,,2.5,1.0,0.0,0.0,0.0,ByBirth,510.0,600,1
1,25.25,1.0,1.0,1,ConsumerStaples,White,0.5,0.0,0.0,0.0,0.0,ByBirth,200.0,0,0
1,32.25,1.5,1.0,1,Energy,White,0.25,0.0,0.0,0.0,1.0,ByBirth,372.0,122,0
0,25.17,2.875,1.0,1,Utilities,Black,0.875,1.0,0.0,0.0,0.0,ByBirth,360.0,0,1
0,52.5,7.0,1.0,1,ConsumerStaples,Black,3.0,0.0,0.0,0.0,0.0,ByBirth,0.0,0,0
1,33.58,0.25,1.0,1,ConsumerDiscretionary,Asian,4.0,0.0,0.0,0.0,1.0,ByOtherMeans,420.0,0,0
0,27.67,2.04,1.0,1,Industrials,White,0.25,0.0,0.0,0.0,1.0,ByBirth,180.0,50,0
0,68.67,15.0,1.0,1,Education,Other,0.0,1.0,1.0,14.0,0.0,ByBirth,0.0,3376,1
1,20.67,0.415,1.0,1,Energy,White,0.125,0.0,0.0,0.0,0.0,ByBirth,0.0,44,0
0,53.33,0.165,1.0,1,Healthcare,Latino,0.0,0.0,0.0,0.0,1.0,ByOtherMeans,62.0,27,0
0,23.5,1.5,1.0,1,Industrials,White,0.875,0.0,0.0,0.0,1.0,ByBirth,160.0,0,0
1,16.08,0.75,1.0,1,Energy,White,1.75,1.0,1.0,5.0,1.0,ByBirth,352.0,690,1
1,18.67,5.0,1.0,1,Materials,White,0.375,1.0,1.0,2.0,0.0,ByBirth,0.0,38,0
1,37.42,2.04,1.0,1,Industrials,White,0.04,1.0,0.0,0.0,1.0,ByBirth,400.0,5800,1
1,29.75,0.665,1.0,1,Industrials,White,0.25,0.0,0.0,0.0,1.0,ByBirth,300.0,0,0
1,34.75,2.5,1.0,1,InformationTechnology,Asian,0.5,0.0,0.0,0.0,0.0,ByBirth,348.0,0,0
1,42.75,4.085,1.0,1,ConsumerStaples,White,0.04,0.0,0.0,0.0,0.0,ByBirth,108.0,100,0
1,28.46,0.5,1.0,1,Energy,Asian,0.835,1.0,0.0,0.0,1.0,ByOtherMeans,320.0,0,0
0,17.33,9.5,1.0,1,ConsumerStaples,White,1.75,0.0,1.0,10.0,1.0,ByBirth,0.0,10,0
1,34.42,4.25,1.0,1,ConsumerDiscretionary,Asian,3.25,1.0,1.0,2.0,0.0,ByBirth,274.0,610,1
0,26.08,8.665,1.0,1,ConsumerStaples,White,1.415,1.0,0.0,0.0,0.0,ByBirth,160.0,150,1
1,29.17,3.5,1.0,1,Industrials,White,3.5,1.0,1.0,3.0,1.0,ByBirth,329.0,0,0
0,15.75,0.375,1.0,1,Energy,White,1.0,0.0,0.0,0.0,0.0,ByBirth,120.0,18,0
1,24.58,1.25,1.0,1,Energy,White,0.25,0.0,0.0,0.0,0.0,ByBirth,110.0,0,0
0,38.92,1.665,1.0,1,ConsumerStaples,White,0.25,0.0,0.0,0.0,0.0,ByBirth,0.0,390,0
0,25.0,12.33,1.0,1,InformationTechnology,Black,3.5,1.0,1.0,6.0,0.0,ByBirth,400.0,458,1
1,43.0,0.29,0.0,0,InformationTechnology,Black,1.75,1.0,1.0,8.0,0.0,ByBirth,100.0,375,1
1,38.58,3.335,1.0,1,Industrials,White,4.0,1.0,1.0,14.0,0.0,ByBirth,383.0,1344,1
1,33.17,1.04,1.0,1,Transport,Black,6.5,1.0,0.0,0.0,1.0,ByBirth,164.0,31285,1
0,32.0,6.0,1.0,1,Real Estate,White,1.25,0.0,0.0,0.0,0.0,ByBirth,272.0,0,0
1,23.17,0.0,1.0,1,Energy,White,0.0,0.0,0.0,0.0,0.0,Temporary,0.0,0,1
1,21.33,7.5,1.0,1,ConsumerStaples,White,1.415,1.0,1.0,1.0,0.0,ByBirth,80.0,9800,1
1,37.5,0.835,1.0,1,Education,White,0.04,0.0,0.0,0.0,0.0,ByBirth,120.0,5,0
1,35.17,4.5,1.0,1,Utilities,Black,5.75,0.0,0.0,0.0,1.0,ByOtherMeans,711.0,0,1
1,33.5,1.75,1.0,1,Utilities,Black,4.5,1.0,1.0,4.0,1.0,ByBirth,253.0,857,1
1,29.25,13.0,1.0,1,Real Estate,Black,0.5,0.0,0.0,0.0,0.0,ByBirth,228.0,0,0
1,24.42,12.335,1.0,1,Materials,Black,1.585,1.0,0.0,0.0,1.0,ByBirth,120.0,0,1
0,20.75,10.25,1.0,1,Materials,White,0.71,1.0,,2.0,1.0,ByBirth,49.0,0,1
1,29.67,0.75,0.0,0,Energy,White,0.04,0.0,0.0,0.0,0.0,ByBirth,240.0,0,0
1,23.25,12.625,1.0,1,Energy,White,0.125,0.0,1.0,2.0,0.0,ByBirth,0.0,5552,0
0,20.83,0.5,0.0,0,Education,Other,1.0,0.0,0.0,0.0,0.0,ByBirth,260.0,0,0
0,24.5,0.5,1.0,1,Materials,Black,1.5,1.0,0.0,0.0,0.0,ByBirth,280.0,824,1
1,22.0,0.79,1.0,1,Industrials,White,0.29,0.0,1.0,1.0,0.0,ByBirth,420.0,283,0
1,55.92,11.5,1.0,1,Healthcare,Latino,5.0,1.0,1.0,5.0,0.0,ByBirth,0.0,8851,1
0,41.0,2.04,0.0,0,Materials,Black,0.125,1.0,1.0,23.0,1.0,ByBirth,455.0,1236,1
1,29.83,3.5,1.0,1,Energy,White,0.165,0.0,0.0,0.0,0.0,ByBirth,216.0,0,0
1,23.25,4.0,1.0,1,Energy,Asian,0.25,1.0,0.0,0.0,1.0,ByBirth,160.0,0,1
1,,0.25,1.0,1,Real Estate,Black,0.665,1.0,0.0,0.0,1.0,ByBirth,0.0,0,1
1,36.67,3.25,1.0,1,Materials,Black,9.0,1.0,0.0,0.0,1.0,ByBirth,102.0,639,1
1,34.67,1.08,1.0,1,CommunicationServices,White,1.165,0.0,0.0,0.0,0.0,ByOtherMeans,28.0,0,0
1,25.42,0.54,1.0,1,Industrials,White,0.165,0.0,1.0,1.0,0.0,ByBirth,272.0,444,0
1,25.17,6.0,1.0,1,Energy,White,1.0,1.0,1.0,3.0,0.0,ByBirth,0.0,0,1
0,65.17,14.0,1.0,1,Healthcare,Latino,0.0,1.0,1.0,11.0,1.0,ByBirth,0.0,1400,1
0,28.17,0.375,1.0,1,Materials,White,0.585,1.0,1.0,4.0,0.0,ByBirth,80.0,0,1
1,34.83,2.5,0.0,0,Industrials,White,3.0,0.0,0.0,0.0,0.0,ByOtherMeans,200.0,0,0
0,16.5,1.25,1.0,1,Materials,White,0.25,0.0,1.0,1.0,0.0,ByBirth,108.0,98,0
1,43.25,25.21,1.0,1,Materials,Black,0.21,1.0,1.0,1.0,0.0,ByBirth,760.0,90,0
0,29.5,0.46,1.0,1,Financials,White,0.54,1.0,1.0,4.0,0.0,ByBirth,380.0,500,1
1,16.92,0.335,0.0,0,Financials,White,0.29,0.0,0.0,0.0,0.0,ByOtherMeans,200.0,0,0
1,52.33,1.375,0.0,0,Energy,Black,9.46,1.0,0.0,0.0,1.0,ByBirth,200.0,100,0
1,23.08,11.5,1.0,1,ConsumerDiscretionary,White,3.5,1.0,1.0,9.0,0.0,ByBirth,56.0,742,1
0,20.75,9.54,1.0,1,ConsumerDiscretionary,White,0.04,0.0,0.0,0.0,0.0,ByBirth,200.0,1000,0
0,34.83,1.25,0.0,0,ConsumerDiscretionary,Black,0.5,0.0,0.0,0.0,1.0,ByBirth,160.0,0,0
0,18.25,10.0,1.0,1,Industrials,White,1.0,0.0,1.0,1.0,0.0,ByBirth,120.0,1,0
1,25.17,3.0,1.0,1,Energy,White,1.25,0.0,1.0,1.0,0.0,ByBirth,0.0,22,0
1,28.75,1.165,1.0,1,Financials,White,0.5,1.0,0.0,0.0,0.0,ByOtherMeans,280.0,0,0
0,25.42,1.125,1.0,1,Materials,White,1.29,1.0,1.0,2.0,0.0,ByBirth,200.0,0,0
1,40.92,0.835,1.0,1,Healthcare,Latino,0.0,1.0,0.0,0.0,0.0,ByBirth,130.0,1,0
1,21.08,10.085,0.0,0,Education,Black,1.25,0.0,0.0,0.0,0.0,ByBirth,260.0,0,0
0,33.08,1.625,1.0,1,Real Estate,White,0.54,0.0,0.0,0.0,1.0,ByBirth,0.0,0,0
1,27.25,1.585,1.0,1,InformationTechnology,Black,1.835,1.0,1.0,12.0,1.0,ByBirth,583.0,713,1
1,39.58,5.0,1.0,1,Healthcare,Latino,0.0,0.0,1.0,2.0,0.0,ByBirth,17.0,1,0
0,56.83,4.25,0.0,0,Healthcare,Latino,5.0,0.0,0.0,0.0,1.0,ByBirth,0.0,4,0
1,36.33,2.125,0.0,0,Industrials,White,0.085,1.0,1.0,1.0,0.0,ByBirth,50.0,1187,1
1,18.5,2.0,1.0,1,ConsumerDiscretionary,White,1.5,1.0,1.0,2.0,0.0,ByBirth,120.0,300,1
1,65.42,11.0,1.0,1,Education,Other,20.0,1.0,1.0,7.0,1.0,ByBirth,22.0,0,1
1,45.0,8.5,1.0,1,InformationTechnology,Black,14.0,1.0,1.0,1.0,1.0,ByBirth,88.0,2000,1
1,27.0,0.75,1.0,1,Energy,Black,4.25,1.0,1.0,3.0,1.0,ByBirth,312.0,150,1
1,44.25,11.0,0.0,0,Real Estate,White,1.5,1.0,0.0,0.0,0.0,ByOtherMeans,0.0,0,0
1,24.17,0.875,1.0,1,Materials,White,4.625,1.0,1.0,2.0,1.0,ByBirth,520.0,2000,1
1,22.17,0.585,0.0,0,Healthcare,Latino,0.0,0.0,0.0,0.0,0.0,ByBirth,100.0,0,0
1,21.83,11.0,1.0,1,Utilities,White,0.29,1.0,1.0,6.0,0.0,ByBirth,121.0,0,1
0,24.75,12.5,1.0,1,ConsumerStaples,White,1.5,1.0,1.0,12.0,1.0,ByBirth,120.0,567,1
1,36.42,0.75,0.0,0,Real Estate,White,0.585,0.0,0.0,0.0,0.0,ByBirth,240.0,3,0
0,60.58,16.5,1.0,1,Materials,White,11.0,1.0,0.0,0.0,1.0,,21.0,10561,1
1,73.42,17.75,1.0,1,Healthcare,Latino,0.0,1.0,0.0,0.0,1.0,ByBirth,0.0,0,1
1,29.58,4.5,1.0,1,Industrials,White,7.5,1.0,1.0,2.0,1.0,ByBirth,330.0,0,1
1,23.08,11.5,1.0,1,Industrials,Black,2.125,1.0,1.0,11.0,1.0,ByBirth,290.0,284,1
1,38.17,10.125,1.0,1,Utilities,White,2.5,1.0,1.0,6.0,0.0,ByBirth,520.0,196,1
0,28.46,3.5,1.0,1,Real Estate,White,3.0,1.0,0.0,0.0,1.0,ByBirth,300.0,0,0
1,16.5,0.125,1.0,1,Energy,White,0.165,0.0,0.0,0.0,0.0,ByBirth,132.0,0,0
0,31.92,3.125,1.0,1,Healthcare,Latino,3.04,0.0,1.0,2.0,1.0,ByBirth,200.0,4,0
1,39.08,6.0,1.0,1,CommunicationServices,White,1.29,1.0,1.0,5.0,1.0,ByBirth,108.0,1097,1
1,32.33,7.5,1.0,1,Education,Asian,1.585,1.0,0.0,0.0,1.0,ByOtherMeans,420.0,0,0
1,20.42,1.085,1.0,1,Materials,White,1.5,0.0,0.0,0.0,0.0,ByBirth,108.0,7,0
1,26.67,14.585,1.0,1,ConsumerDiscretionary,Asian,0.0,0.0,0.0,0.0,1.0,ByBirth,178.0,0,0
0,22.5,11.0,0.0,0,Materials,White,3.0,1.0,0.0,0.0,1.0,ByBirth,268.0,0,0
0,40.33,8.125,0.0,0,Financials,White,0.165,0.0,1.0,2.0,0.0,ByBirth,0.0,18,0
0,15.83,7.625,1.0,1,Materials,White,0.125,0.0,1.0,1.0,1.0,ByBirth,0.0,160,0
0,36.75,4.71,1.0,1,Healthcare,Latino,0.0,0.0,0.0,0.0,0.0,ByBirth,160.0,0,0
1,29.25,14.79,1.0,1,ConsumerStaples,,5.04,1.0,1.0,5.0,1.0,ByBirth,168.0,0,1
0,39.08,4.0,1.0,1,Energy,White,3.0,0.0,0.0,0.0,0.0,ByBirth,480.0,0,0
1,45.17,1.5,1.0,1,Energy,White,2.5,1.0,0.0,0.0,1.0,ByBirth,140.0,0,0
1,22.75,11.0,1.0,1,Materials,White,2.5,1.0,1.0,7.0,1.0,ByBirth,100.0,809,1
0,20.33,10.0,1.0,1,Energy,Black,1.0,1.0,1.0,4.0,0.0,ByBirth,50.0,1465,1
0,58.67,4.46,1.0,1,Materials,Black,3.04,1.0,1.0,6.0,0.0,ByBirth,43.0,560,1
1,31.0,2.085,1.0,1,Energy,White,0.085,0.0,0.0,0.0,0.0,ByBirth,300.0,0,0
1,56.58,18.5,1.0,1,Real Estate,Asian,15.0,1.0,1.0,17.0,1.0,ByBirth,0.0,0,1
0,49.0,1.5,1.0,1,,Other,0.0,1.0,0.0,0.0,1.0,ByBirth,100.0,27,0
1,27.75,1.29,1.0,1,Financials,Black,0.25,0.0,0.0,0.0,1.0,ByOtherMeans,140.0,0,0
1,44.25,,1.0,1,CommunicationServices,White,10.75,1.0,0.0,,0.0,ByOtherMeans,400.0,0,0
0,22.42,5.665,1.0,1,Materials,White,2.585,1.0,1.0,7.0,0.0,ByBirth,129.0,3257,1
1,41.33,0.0,1.0,1,Energy,Asian,15.0,1.0,0.0,0.0,0.0,ByBirth,0.0,0,1
0,36.58,0.29,1.0,1,Healthcare,Latino,0.0,0.0,1.0,10.0,0.0,ByBirth,200.0,18,0
1,36.33,3.79,1.0,1,Industrials,White,1.165,1.0,0.0,0.0,1.0,ByBirth,200.0,0,0
0,30.0,5.29,1.0,1,Education,Other,2.25,1.0,1.0,5.0,1.0,ByBirth,99.0,500,1
1,58.58,2.71,1.0,1,Energy,White,2.415,0.0,0.0,0.0,1.0,ByBirth,320.0,0,0
1,31.42,15.5,1.0,1,Energy,White,0.5,1.0,0.0,0.0,0.0,ByBirth,120.0,0,0
1,23.5,3.165,0.0,0,Financials,White,0.415,0.0,1.0,1.0,1.0,ByBirth,280.0,80,0
1,33.0,2.5,0.0,0,Industrials,White,7.0,0.0,0.0,0.0,1.0,ByBirth,280.0,0,0
1,34.17,5.25,1.0,1,Industrials,White,0.085,0.0,0.0,0.0,1.0,ByBirth,290.0,6,1
1,34.92,5.0,1.0,1,Utilities,Black,7.5,1.0,1.0,6.0,1.0,ByBirth,0.0,1000,1
0,50.25,0.835,1.0,1,ConsumerStaples,White,0.5,0.0,0.0,0.0,1.0,ByBirth,240.0,117,0
1,23.0,0.75,1.0,1,CommunicationServices,White,0.5,1.0,0.0,0.0,1.0,ByOtherMeans,320.0,0,0
1,28.67,14.5,1.0,1,Real Estate,White,0.125,0.0,0.0,0.0,0.0,ByBirth,0.0,286,0
0,38.25,6.0,1.0,1,Financials,White,1.0,1.0,0.0,0.0,1.0,ByBirth,0.0,0,1
1,38.67,0.21,1.0,1,Financials,White,0.085,1.0,0.0,0.0,1.0,ByBirth,280.0,0,1
1,36.5,4.25,1.0,1,Materials,White,3.5,0.0,0.0,0.0,0.0,ByBirth,454.0,50,0
1,35.0,3.375,1.0,1,Energy,Black,8.29,0.0,0.0,0.0,1.0,ByBirth,0.0,0,0
0,28.75,3.75,1.0,1,Energy,White,1.085,1.0,1.0,1.0,1.0,ByBirth,371.0,0,1
1,42.83,4.625,1.0,1,Materials,White,4.58,1.0,0.0,0.0,0.0,ByOtherMeans,0.0,0,1
1,20.67,1.25,0.0,0,Energy,Black,1.375,1.0,1.0,3.0,1.0,ByBirth,140.0,210,0
1,30.17,6.5,1.0,1,InformationTechnology,White,3.125,1.0,1.0,8.0,0.0,ByBirth,330.0,1200,1
0,31.75,3.0,0.0,0,Research,Other,0.0,0.0,0.0,0.0,0.0,ByBirth,160.0,20,0
1,17.08,0.25,1.0,1,Materials,White,0.335,0.0,1.0,4.0,0.0,ByBirth,160.0,8,0
1,22.33,11.0,1.0,1,Industrials,White,2.0,1.0,1.0,1.0,0.0,ByBirth,80.0,278,1
1,20.0,7.0,1.0,1,Energy,White,0.5,0.0,0.0,0.0,0.0,ByBirth,0.0,0,0
0,45.83,10.5,1.0,1,Materials,White,5.0,1.0,1.0,7.0,1.0,ByBirth,0.0,0,1
1,25.58,0.335,1.0,1,Financials,Black,3.5,0.0,0.0,0.0,1.0,ByBirth,340.0,0,0
1,34.25,3.0,1.0,1,InformationTechnology,Black,7.415,1.0,0.0,0.0,1.0,ByBirth,0.0,0,1
1,35.17,2.5,1.0,1,Financials,White,4.5,1.0,1.0,7.0,0.0,ByBirth,150.0,1270,1
1,38.92,1.75,1.0,1,Financials,White,0.5,0.0,0.0,0.0,1.0,ByBirth,300.0,2,0
1,20.42,1.835,1.0,1,Energy,White,2.25,1.0,1.0,1.0,0.0,ByBirth,100.0,150,1
1,43.17,5.0,1.0,1,ConsumerDiscretionary,Asian,2.25,0.0,0.0,0.0,1.0,ByBirth,141.0,0,0
1,22.67,10.5,1.0,1,Materials,Black,1.335,1.0,0.0,0.0,0.0,ByBirth,100.0,0,1
1,42.75,3.0,1.0,1,ConsumerDiscretionary,Asian,1.0,1.0,0.0,0.0,0.0,ByBirth,0.0,200,0
1,42.0,0.205,1.0,1,ConsumerDiscretionary,Black,,1.0,0.0,0.0,0.0,ByBirth,400.0,0,1
1,37.58,0.0,1.0,1,Energy,White,0.0,0.0,0.0,0.0,0.0,Temporary,0.0,0,1
0,19.58,0.665,0.0,0,Energy,White,1.0,0.0,1.0,1.0,0.0,ByBirth,2000.0,2,0
0,24.5,2.415,0.0,0,Energy,White,0.0,0.0,0.0,0.0,0.0,ByBirth,120.0,0,0
0,44.17,6.665,1.0,1,Materials,White,7.375,1.0,1.0,3.0,1.0,ByBirth,0.0,0,1
0,18.83,9.5,1.0,1,Industrials,White,1.625,1.0,1.0,6.0,1.0,ByBirth,40.0,600,1
0,22.92,1.25,1.0,1,Materials,White,0.25,0.0,0.0,0.0,1.0,ByBirth,120.0,809,0
1,26.0,1.0,1.0,1,Materials,White,1.75,1.0,0.0,0.0,1.0,ByBirth,280.0,0,1
0,50.08,12.54,1.0,1,ConsumerStaples,White,2.29,1.0,1.0,3.0,1.0,ByBirth,156.0,0,1
1,24.58,12.5,1.0,1,Industrials,White,0.875,1.0,0.0,0.0,1.0,ByBirth,260.0,0,0
1,17.08,0.085,0.0,0,Energy,White,0.04,0.0,0.0,0.0,0.0,ByBirth,140.0,722,0
1,25.75,0.5,1.0,1,Energy,White,1.46,1.0,1.0,5.0,1.0,ByBirth,312.0,0,1
1,18.08,6.75,0.0,0,CommunicationServices,White,0.04,0.0,0.0,0.0,0.0,ByBirth,140.0,0,0
1,26.92,2.25,1.0,1,ConsumerDiscretionary,Asian,0.5,0.0,0.0,0.0,1.0,ByBirth,640.0,4000,0
1,20.0,11.045,1.0,1,Energy,White,2.0,0.0,0.0,0.0,1.0,ByBirth,136.0,0,0
0,20.67,3.0,1.0,1,Materials,White,0.165,1.0,1.0,3.0,0.0,ByBirth,100.0,6,1
1,54.83,15.5,1.0,1,Education,Other,0.0,1.0,1.0,20.0,0.0,ByBirth,152.0,130,0
0,57.58,2.0,1.0,1,Healthcare,Latino,6.5,0.0,1.0,1.0,0.0,ByBirth,0.0,10,0
0,20.08,1.25,1.0,1,Energy,White,0.0,0.0,0.0,0.0,0.0,ByBirth,0.0,0,0
0,22.5,8.5,1.0,1,Materials,White,1.75,1.0,1.0,10.0,0.0,ByBirth,80.0,990,0
1,20.5,10.0,0.0,0,Energy,White,2.5,1.0,0.0,0.0,0.0,ByOtherMeans,40.0,0,1
1,25.17,3.5,1.0,1,InformationTechnology,White,0.625,1.0,1.0,7.0,0.0,ByBirth,0.0,7059,1
1,23.08,2.5,1.0,1,Energy,White,1.085,1.0,1.0,11.0,1.0,ByBirth,60.0,2184,1
1,30.17,1.085,0.0,0,Energy,White,0.04,0.0,0.0,0.0,0.0,ByBirth,170.0,179,0
0,35.42,12.0,1.0,1,Materials,Black,14.0,1.0,1.0,8.0,0.0,ByBirth,0.0,6590,1
0,44.33,0.0,1.0,1,Energy,White,2.5,1.0,0.0,0.0,0.0,ByBirth,0.0,0,1
0,16.08,0.335,1.0,1,Healthcare,Latino,0.0,0.0,1.0,1.0,0.0,ByBirth,160.0,126,0
0,46.67,0.46,1.0,1,InformationTechnology,Black,0.415,1.0,1.0,11.0,1.0,ByBirth,440.0,6,1
0,28.5,3.04,0.0,0,Utilities,Black,2.54,1.0,1.0,1.0,0.0,ByBirth,70.0,0,1
1,32.0,1.75,0.0,0,Education,Black,0.04,1.0,0.0,0.0,1.0,ByBirth,393.0,0,1
0,32.33,0.54,1.0,1,InformationTechnology,White,0.04,1.0,0.0,0.0,0.0,,,11177,1
0,33.92,1.585,0.0,0,Healthcare,Latino,0.0,1.0,0.0,0.0,0.0,ByBirth,320.0,0,0
0,71.58,0.0,1.0,1,Energy,White,0.0,0.0,0.0,0.0,0.0,Temporary,0.0,0,1
0,28.67,1.04,1.0,1,,White,2.5,1.0,1.0,5.0,1.0,ByBirth,300.0,1430,1
0,46.0,4.0,1.0,1,Research,Other,0.0,1.0,0.0,0.0,0.0,ByBirth,100.0,960,1
1,33.67,1.25,1.0,1,Industrials,White,1.165,0.0,0.0,0.0,0.0,ByBirth,120.0,0,0
1,32.83,2.5,1.0,1,InformationTechnology,Black,2.75,1.0,1.0,6.0,0.0,ByBirth,160.0,2072,1
0,64.08,0.165,1.0,1,Healthcare,Latino,0.0,1.0,1.0,1.0,0.0,ByBirth,232.0,100,1
1,18.08,5.5,1.0,1,Financials,White,0.5,1.0,0.0,0.0,0.0,ByBirth,80.0,0,1
1,41.17,4.04,1.0,1,InformationTechnology,Black,7.0,1.0,1.0,8.0,0.0,ByBirth,320.0,0,1
1,34.5,4.04,0.0,0,ConsumerDiscretionary,Asian,8.5,1.0,1.0,7.0,1.0,ByBirth,195.0,0,1
1,24.83,2.75,1.0,1,Energy,White,2.25,1.0,1.0,6.0,0.0,ByBirth,0.0,600,1
1,16.33,2.75,1.0,1,ConsumerStaples,White,0.665,0.0,1.0,1.0,0.0,ByBirth,80.0,21,0
1,51.83,2.04,0.0,0,Healthcare,Latino,1.5,0.0,0.0,0.0,0.0,ByBirth,120.0,1,0
0,38.33,4.415,1.0,1,Energy,White,0.125,0.0,0.0,0.0,0.0,ByBirth,160.0,0,0
1,35.25,3.165,1.0,1,Utilities,Black,3.75,1.0,0.0,0.0,1.0,ByBirth,680.0,0,0
1,41.58,1.75,1.0,1,Financials,White,0.21,1.0,0.0,0.0,0.0,ByBirth,160.0,0,0
1,21.5,9.75,1.0,1,Energy,,0.25,1.0,0.0,0.0,0.0,ByBirth,140.0,0,0
1,22.92,0.17,1.0,1,CommunicationServices,White,0.085,0.0,0.0,0.0,0.0,ByOtherMeans,0.0,0,0
0,22.42,11.25,0.0,0,Utilities,Black,0.75,1.0,1.0,4.0,0.0,ByBirth,0.0,321,1
1,27.0,1.5,0.0,0,Industrials,White,0.375,1.0,0.0,0.0,1.0,ByBirth,260.0,1065,1
1,29.58,4.75,1.0,1,CommunicationServices,White,2.0,0.0,1.0,1.0,1.0,ByBirth,460.0,68,0
1,28.75,1.5,0.0,0,Energy,White,1.5,1.0,0.0,0.0,1.0,ByBirth,0.0,225,0
1,22.08,11.0,1.0,1,InformationTechnology,White,0.665,1.0,0.0,0.0,0.0,ByBirth,100.0,0,1
1,21.0,4.79,0.0,0,Industrials,White,2.25,1.0,1.0,1.0,1.0,ByBirth,80.0,300,1
1,21.17,0.875,0.0,0,Energy,Black,0.25,,0.0,0.0,0.0,ByBirth,280.0,204,0
0,24.58,0.67,1.0,1,ConsumerStaples,Black,1.75,1.0,0.0,0.0,0.0,ByBirth,400.0,0,0
0,22.67,0.335,1.0,1,Materials,White,0.75,0.0,0.0,0.0,0.0,ByOtherMeans,160.0,0,0
1,22.83,3.0,1.0,1,CommunicationServices,White,1.29,1.0,1.0,1.0,0.0,ByBirth,260.0,800,1
1,19.67,0.375,1.0,1,Materials,White,2.0,1.0,1.0,2.0,1.0,ByBirth,80.0,0,1
1,37.5,1.75,0.0,0,Energy,Asian,0.25,1.0,0.0,0.0,1.0,ByBirth,164.0,400,0
1,23.0,0.75,1.0,1,CommunicationServices,White,0.5,0.0,0.0,0.0,1.0,ByOtherMeans,320.0,0,0
1,19.33,10.915,1.0,1,Energy,Asian,0.585,0.0,1.0,2.0,1.0,ByBirth,200.0,7,0
0,17.67,0.0,0.0,0,Research,Latino,0.0,0.0,0.0,0.0,0.0,ByBirth,86.0,0,0
0,22.75,6.165,1.0,1,ConsumerStaples,White,0.165,0.0,0.0,0.0,0.0,ByBirth,220.0,1000,0
0,22.5,0.415,1.0,1,ConsumerDiscretionary,White,0.335,0.0,0.0,0.0,1.0,ByOtherMeans,144.0,0,0
1,34.92,2.5,1.0,1,Industrials,White,0.0,1.0,0.0,0.0,1.0,ByBirth,239.0,200,1
0,22.5,8.46,0.0,0,Utilities,White,2.46,0.0,0.0,0.0,0.0,ByBirth,164.0,0,1
1,39.92,5.0,1.0,1,ConsumerDiscretionary,Asian,0.21,0.0,0.0,0.0,0.0,ByBirth,550.0,0,0
1,31.83,0.04,0.0,0,CommunicationServices,White,0.04,0.0,0.0,0.0,0.0,ByBirth,0.0,0,0
1,17.92,0.205,1.0,1,ConsumerStaples,White,0.04,0.0,0.0,0.0,0.0,ByBirth,280.0,750,0
1,32.75,1.5,1.0,1,InformationTechnology,Black,5.5,1.0,1.0,3.0,1.0,ByBirth,0.0,0,1
1,41.42,5.0,1.0,1,Materials,Black,5.0,1.0,1.0,6.0,1.0,ByBirth,470.0,0,1
1,18.58,5.71,1.0,1,Real Estate,White,0.54,0.0,0.0,0.0,0.0,ByBirth,120.0,0,0
1,20.42,7.0,1.0,1,Energy,White,1.625,1.0,1.0,3.0,0.0,ByBirth,200.0,1391,1
1,25.83,12.835,1.0,1,InformationTechnology,White,0.5,0.0,0.0,0.0,0.0,ByBirth,0.0,2,0
1,26.75,2.0,1.0,1,Real Estate,White,0.75,0.0,0.0,0.0,1.0,ByBirth,80.0,0,0
1,28.0,2.0,1.0,1,Financials,Black,4.165,1.0,1.0,2.0,1.0,ByBirth,181.0,0,1
1,32.33,2.5,1.0,1,Energy,White,1.25,0.0,0.0,0.0,1.0,ByBirth,280.0,0,0
1,56.42,28.0,0.0,0,Energy,White,28.5,1.0,1.0,40.0,0.0,ByBirth,0.0,15,1
0,17.92,10.21,1.0,1,Healthcare,Latino,0.0,0.0,0.0,0.0,0.0,ByBirth,0.0,50,0
1,29.5,2.0,0.0,0,Education,Black,2.0,0.0,0.0,0.0,0.0,ByBirth,256.0,17,0
0,33.75,0.75,1.0,1,Financials,Asian,1.0,1.0,1.0,3.0,1.0,ByBirth,212.0,0,0
0,41.17,6.5,1.0,1,Materials,White,0.5,1.0,1.0,3.0,1.0,ByBirth,145.0,0,1
1,24.33,6.625,0.0,0,Real Estate,White,5.5,1.0,0.0,0.0,1.0,ByOtherMeans,100.0,0,1
1,40.92,2.25,0.0,0,Utilities,Black,10.0,1.0,0.0,0.0,1.0,ByBirth,176.0,0,0
1,21.25,1.5,1.0,1,Industrials,White,1.5,0.0,0.0,0.0,0.0,ByBirth,150.0,8,1
1,37.5,1.125,0.0,0,Real Estate,White,1.5,0.0,0.0,0.0,1.0,ByBirth,431.0,0,1
1,49.5,7.585,1.0,1,ConsumerDiscretionary,Asian,7.585,1.0,1.0,15.0,1.0,ByBirth,0.0,5000,1
0,19.75,0.75,1.0,1,Energy,White,0.795,1.0,1.0,5.0,1.0,ByBirth,140.0,5,0
1,39.92,0.54,0.0,0,ConsumerStaples,White,0.5,1.0,1.0,3.0,0.0,ByBirth,200.0,1000,1
1,20.42,0.0,1.0,1,Energy,White,0.0,0.0,0.0,0.0,0.0,Temporary,0.0,0,0
0,17.58,9.0,1.0,1,ConsumerStaples,White,1.375,1.0,0.0,0.0,1.0,ByBirth,0.0,0,1
1,57.42,8.5,1.0,1,Education,Black,7.0,1.0,1.0,3.0,0.0,ByBirth,0.0,0,1
1,29.5,0.58,1.0,1,Industrials,White,0.29,0.0,1.0,,0.0,ByBirth,340.0,2803,0
1,23.33,11.625,0.0,0,Industrials,White,0.835,1.0,0.0,0.0,1.0,ByBirth,160.0,300,1
0,29.58,1.75,0.0,0,Financials,White,1.25,0.0,0.0,0.0,1.0,ByBirth,280.0,0,0
1,32.25,14.0,0.0,0,Healthcare,Latino,0.0,0.0,1.0,2.0,0.0,ByBirth,160.0,1,0
1,41.5,1.54,1.0,1,ConsumerDiscretionary,Asian,3.5,0.0,0.0,0.0,0.0,ByBirth,216.0,0,1
0,41.58,1.04,1.0,1,ConsumerStaples,White,0.665,0.0,0.0,0.0,0.0,ByBirth,240.0,237,0
1,39.17,2.5,0.0,0,ConsumerDiscretionary,Black,10.0,0.0,0.0,0.0,1.0,ByOtherMeans,200.0,0,0
0,20.42,0.835,1.0,1,Materials,White,1.585,1.0,1.0,1.0,0.0,ByBirth,0.0,0,1
1,40.58,1.5,1.0,1,ConsumerDiscretionary,Asian,0.0,0.0,0.0,0.0,0.0,ByOtherMeans,300.0,0,0
1,22.08,11.46,1.0,1,Financials,White,1.585,0.0,0.0,0.0,1.0,ByBirth,100.0,1212,0
1,47.83,4.165,1.0,1,Utilities,Asian,0.085,0.0,0.0,0.0,1.0,ByBirth,520.0,0,0
0,33.67,0.375,1.0,1,InformationTechnology,White,0.375,0.0,0.0,0.0,0.0,ByBirth,300.0,44,1
1,39.5,1.625,1.0,1,Energy,White,1.5,0.0,0.0,0.0,0.0,ByBirth,0.0,316,0
0,58.42,21.0,1.0,1,ConsumerDiscretionary,Asian,10.0,1.0,1.0,13.0,0.0,ByBirth,0.0,6700,1
1,21.92,0.5,1.0,1,Energy,White,0.125,0.0,0.0,0.0,0.0,ByBirth,360.0,0,0
1,33.67,2.165,1.0,1,Energy,White,1.5,0.0,0.0,0.0,0.0,Temporary,120.0,0,0
1,23.42,0.585,1.0,1,Energy,Black,0.085,1.0,0.0,0.0,0.0,ByBirth,180.0,0,0
0,15.92,2.875,1.0,1,Materials,White,0.085,0.0,0.0,0.0,0.0,ByBirth,120.0,0,0
1,16.17,0.04,1.0,1,Energy,White,0.04,0.0,0.0,0.0,0.0,ByBirth,0.0,0,1
0,18.92,9.25,0.0,0,Energy,White,1.0,1.0,1.0,4.0,1.0,ByBirth,80.0,500,1
0,46.08,3.0,1.0,1,Energy,White,2.375,1.0,1.0,8.0,1.0,ByBirth,396.0,4159,1
1,69.17,9.0,1.0,1,Healthcare,Latino,4.0,0.0,1.0,1.0,0.0,ByBirth,70.0,6,0
1,23.25,1.0,1.0,1,,White,0.835,1.0,0.0,0.0,0.0,ByOtherMeans,300.0,0,1
1,35.0,2.5,1.0,1,ConsumerDiscretionary,White,1.0,0.0,0.0,0.0,1.0,ByBirth,210.0,0,0
0,29.5,1.085,0.0,0,Utilities,White,1.0,0.0,0.0,0.0,0.0,ByBirth,280.0,13,0
1,22.58,10.04,1.0,1,,White,0.04,1.0,1.0,9.0,0.0,ByBirth,60.0,396,1
1,28.46,3.0,0.0,0,ConsumerDiscretionary,Asian,7.0,0.0,0.0,0.0,0.0,ByBirth,0.0,1,0
1,33.58,2.75,1.0,1,CommunicationServices,White,4.25,1.0,1.0,6.0,0.0,ByBirth,204.0,0,1
0,24.92,1.25,1.0,1,Healthcare,Latino,0.0,1.0,0.0,0.0,0.0,ByBirth,80.0,0,0
1,60.08,14.5,1.0,1,Healthcare,Latino,18.0,1.0,1.0,15.0,1.0,ByBirth,0.0,1000,1
1,31.08,1.5,0.0,0,Industrials,White,0.04,0.0,0.0,0.0,0.0,ByOtherMeans,160.0,0,0
1,31.58,0.75,0.0,0,ConsumerStaples,White,3.5,0.0,0.0,0.0,1.0,ByBirth,320.0,0,0
0,27.25,0.29,1.0,1,CommunicationServices,Black,0.125,0.0,1.0,1.0,1.0,ByBirth,272.0,108,0
1,31.33,19.5,1.0,1,Energy,White,7.0,1.0,1.0,16.0,0.0,ByBirth,0.0,5000,1
1,51.42,0.04,1.0,1,Utilities,Black,0.04,1.0,0.0,0.0,0.0,ByBirth,0.0,3000,1
0,47.42,3.0,1.0,1,Utilities,White,13.875,1.0,1.0,2.0,1.0,ByBirth,519.0,1704,1
0,69.5,6.0,1.0,1,Healthcare,Latino,0.0,0.0,0.0,0.0,0.0,ByOtherMeans,0.0,0,0
1,17.5,22.0,0.0,1,Healthcare,Other,0.0,0.0,0.0,0.0,1.0,Temporary,450.0,100000,1
0,57.08,19.5,1.0,1,Energy,White,5.5,1.0,1.0,7.0,0.0,,0.0,3000,1
1,27.58,3.25,0.0,0,Materials,Black,5.085,0.0,1.0,2.0,1.0,ByBirth,369.0,1,0
0,28.08,15.0,0.0,0,Education,Other,0.0,1.0,0.0,0.0,0.0,ByBirth,0.0,13212,1
1,74.83,19.0,0.0,0,Healthcare,Latino,0.04,0.0,1.0,2.0,0.0,ByBirth,0.0,351,0
1,24.58,13.5,0.0,0,Healthcare,Latino,0.0,0.0,,0.0,0.0,ByBirth,0.0,0,0
1,25.0,11.25,1.0,1,Energy,White,2.5,,1.0,17.0,0.0,ByBirth,200.0,1208,1
0,25.08,2.54,0.0,0,ConsumerStaples,White,0.25,1.0,0.0,0.0,1.0,ByBirth,370.0,0,1
1,28.92,0.375,1.0,1,Energy,White,0.29,0.0,0.0,0.0,0.0,ByBirth,220.0,140,0
0,23.75,0.71,1.0,1,Industrials,White,0.25,0.0,1.0,1.0,1.0,ByBirth,240.0,4,0
1,25.0,12.5,1.0,1,ConsumerStaples,White,3.0,1.0,0.0,0.0,1.0,ByOtherMeans,20.0,0,1
1,40.83,3.5,1.0,1,ConsumerDiscretionary,Asian,0.5,0.0,0.0,0.0,0.0,ByOtherMeans,1160.0,0,0
1,27.58,2.04,0.0,0,ConsumerStaples,White,2.0,,1.0,3.0,1.0,ByBirth,370.0,560,1
0,21.92,11.665,1.0,1,Financials,Black,0.085,0.0,0.0,0.0,0.0,ByBirth,320.0,5,0
1,30.17,0.5,1.0,1,Energy,White,1.75,1.0,1.0,11.0,0.0,ByBirth,32.0,540,1
1,18.33,1.21,0.0,0,Education,Other,0.0,0.0,0.0,0.0,0.0,ByBirth,100.0,0,0
1,39.25,9.5,1.0,1,CommunicationServices,White,6.5,1.0,1.0,14.0,0.0,ByBirth,240.0,4607,1
1,67.75,5.5,1.0,1,Education,Other,13.0,1.0,1.0,1.0,1.0,ByBirth,0.0,0,1
0,33.25,3.0,0.0,0,ConsumerStaples,White,2.0,0.0,0.0,0.0,0.0,ByBirth,180.0,0,0
1,48.5,4.25,1.0,1,CommunicationServices,White,0.125,1.0,0.0,0.0,1.0,ByBirth,225.0,0,1
1,45.33,1.0,1.0,1,Materials,White,0.125,0.0,0.0,0.0,1.0,ByBirth,263.0,0,0
1,21.92,0.54,0.0,0,Utilities,White,0.04,1.0,1.0,1.0,1.0,ByBirth,840.0,59,1
1,22.67,1.585,0.0,0,,White,3.085,1.0,,6.0,0.0,ByBirth,80.0,0,1
0,31.25,3.75,1.0,1,InformationTechnology,Black,0.625,1.0,1.0,9.0,1.0,ByBirth,181.0,0,1
1,22.5,0.125,0.0,0,Financials,White,0.125,0.0,0.0,0.0,0.0,ByBirth,200.0,70,0
1,23.58,0.835,1.0,1,ConsumerDiscretionary,Black,0.085,0.0,0.0,0.0,1.0,ByBirth,220.0,5,0
1,37.33,6.5,1.0,1,CommunicationServices,Black,4.25,1.0,1.0,12.0,1.0,ByBirth,93.0,0,1
1,29.42,1.25,1.0,1,Energy,Black,0.25,0.0,1.0,2.0,1.0,ByBirth,400.0,108,0
1,22.08,0.83,1.0,1,Energy,Black,2.165,,0.0,0.0,1.0,ByBirth,128.0,0,1
1,18.0,0.165,1.0,1,Materials,Other,0.21,0.0,0.0,0.0,0.0,ByBirth,200.0,40,1
1,23.0,0.625,0.0,0,ConsumerStaples,White,0.125,1.0,0.0,0.0,0.0,ByBirth,180.0,1,0
1,39.33,5.875,1.0,1,InformationTechnology,Black,10.0,1.0,1.0,14.0,1.0,ByBirth,399.0,0,1
1,17.08,3.29,1.0,1,ConsumerDiscretionary,White,0.335,0.0,0.0,0.0,1.0,ByBirth,140.0,2,0
0,35.75,0.915,1.0,1,ConsumerStaples,White,0.75,1.0,1.0,4.0,0.0,ByBirth,0.0,1583,1
1,33.17,1.0,1.0,1,Utilities,White,0.75,1.0,1.0,7.0,1.0,ByBirth,340.0,4071,1
0,35.17,3.75,1.0,1,Healthcare,Latino,0.0,0.0,1.0,6.0,0.0,ByBirth,0.0,200,0
1,43.17,2.25,1.0,1,ConsumerDiscretionary,Asian,0.75,1.0,0.0,0.0,0.0,ByBirth,560.0,0,0
1,33.17,2.25,0.0,0,InformationTechnology,White,3.5,0.0,0.0,0.0,1.0,ByBirth,200.0,141,0
1,34.08,2.5,1.0,1,Energy,White,1.0,0.0,0.0,0.0,0.0,ByBirth,460.0,16,0
1,20.67,5.29,1.0,1,Materials,White,0.375,1.0,1.0,1.0,0.0,ByBirth,160.0,0,0
0,19.17,0.585,0.0,0,ConsumerStaples,White,0.585,1.0,0.0,0.0,1.0,ByBirth,160.0,0,0
0,20.42,10.5,0.0,0,Utilities,Black,0.0,0.0,0.0,0.0,1.0,ByBirth,154.0,32,0
0,52.83,15.0,1.0,1,Energy,White,5.5,1.0,1.0,14.0,0.0,ByBirth,0.0,2200,1
1,34.17,2.75,1.0,1,ConsumerDiscretionary,Asian,2.5,0.0,0.0,0.0,1.0,ByBirth,232.0,200,0
1,22.67,2.54,0.0,0,Energy,Black,2.585,1.0,0.0,0.0,0.0,ByBirth,0.0,0,1
0,20.83,8.5,1.0,1,Energy,White,0.165,0.0,0.0,0.0,0.0,ByBirth,0.0,351,0
1,16.33,4.085,1.0,1,ConsumerDiscretionary,Black,0.415,0.0,0.0,0.0,1.0,ByBirth,120.0,0,0
1,42.17,5.04,1.0,1,Materials,Black,12.75,1.0,0.0,0.0,1.0,ByBirth,92.0,0,1
1,24.08,0.875,1.0,1,CommunicationServices,White,0.085,0.0,1.0,4.0,0.0,ByBirth,254.0,1950,0
1,23.17,11.125,1.0,1,Utilities,Black,0.46,1.0,1.0,1.0,0.0,ByBirth,100.0,0,1
1,21.42,0.75,0.0,0,Transport,Other,0.75,0.0,0.0,0.0,1.0,ByBirth,132.0,2,0
0,18.08,0.375,0.0,1,InformationTechnology,Latino,10.0,0.0,0.0,0.0,1.0,ByOtherMeans,300.0,0,1
0,58.33,10.0,1.0,1,Materials,White,4.0,1.0,1.0,14.0,0.0,ByBirth,0.0,1602,1
1,23.42,1.0,1.0,1,Energy,White,0.5,0.0,0.0,0.0,1.0,ByOtherMeans,280.0,0,0
1,21.33,10.5,1.0,1,Energy,White,3.0,1.0,0.0,0.0,,ByBirth,0.0,0,1
1,64.08,20.0,1.0,1,Utilities,Black,17.5,1.0,1.0,9.0,1.0,ByBirth,0.0,1000,1
1,63.33,0.54,1.0,1,Energy,White,0.585,1.0,1.0,3.0,1.0,ByBirth,180.0,0,0
0,18.75,7.5,1.0,1,Materials,White,2.71,1.0,1.0,5.0,0.0,ByBirth,0.0,26726,1
1,25.67,2.21,0.0,0,ConsumerStaples,White,4.0,1.0,0.0,0.0,0.0,ByBirth,188.0,0,0
1,21.58,0.79,0.0,0,InformationTechnology,White,0.665,0.0,0.0,0.0,0.0,ByBirth,160.0,0,0
1,38.42,0.705,1.0,1,Energy,White,0.375,0.0,1.0,2.0,0.0,ByBirth,225.0,500,0
1,18.83,0.415,0.0,0,Energy,White,0.165,0.0,1.0,1.0,0.0,,200.0,1,0
1,19.33,9.5,1.0,1,Materials,White,1.0,1.0,0.0,0.0,1.0,ByBirth,60.0,400,1
1,25.75,0.75,1.0,1,Energy,Asian,0.25,1.0,0.0,0.0,0.0,ByBirth,349.0,23,1
1,36.17,0.42,0.0,0,Industrials,White,0.29,0.0,0.0,0.0,1.0,ByBirth,309.0,2,0
0,21.67,11.5,0.0,0,Research,Other,0.0,1.0,1.0,11.0,1.0,ByBirth,0.0,0,1
1,41.17,1.335,1.0,1,Real Estate,White,0.165,0.0,0.0,0.0,0.0,ByBirth,168.0,0,0
0,22.67,7.0,1.0,1,Energy,White,0.165,0.0,0.0,0.0,0.0,ByBirth,160.0,0,0
1,16.25,0.835,1.0,1,CommunicationServices,White,0.085,1.0,0.0,0.0,0.0,ByOtherMeans,200.0,0,0
1,47.67,2.5,1.0,1,CommunicationServices,Asian,2.5,1.0,1.0,12.0,1.0,ByBirth,410.0,2510,1
0,47.75,8.0,1.0,1,Energy,White,7.875,1.0,,6.0,1.0,ByBirth,0.0,1260,1
1,22.67,0.75,1.0,1,ConsumerDiscretionary,White,1.585,0.0,1.0,1.0,1.0,ByBirth,400.0,9,0
1,17.67,4.46,1.0,1,Energy,White,0.25,0.0,0.0,,0.0,ByOtherMeans,80.0,0,0
1,21.08,4.125,0.0,0,ConsumerDiscretionary,Black,0.04,0.0,0.0,0.0,0.0,ByBirth,140.0,100,0
1,39.42,1.71,0.0,0,CommunicationServices,White,0.165,0.0,0.0,0.0,0.0,ByOtherMeans,400.0,0,0
0,15.83,0.585,1.0,1,Energy,Black,1.5,1.0,1.0,2.0,0.0,ByBirth,100.0,0,1
1,33.17,3.165,0.0,0,Utilities,White,3.165,1.0,1.0,3.0,1.0,ByBirth,380.0,0,1
1,26.67,4.25,1.0,1,InformationTechnology,White,4.29,1.0,1.0,1.0,1.0,ByBirth,120.0,0,1
1,36.67,4.415,0.0,0,,White,0.25,1.0,1.0,10.0,1.0,ByBirth,320.0,0,1
1,31.08,3.085,1.0,1,Energy,White,2.5,0.0,1.0,2.0,1.0,ByBirth,160.0,41,0
1,32.92,2.5,1.0,1,ConsumerStaples,White,1.75,0.0,1.0,2.0,1.0,ByBirth,720.0,0,0
1,22.67,0.165,1.0,1,Energy,Other,2.25,0.0,0.0,0.0,1.0,ByOtherMeans,0.0,0,1
1,47.33,6.5,1.0,1,Energy,White,1.0,0.0,0.0,0.0,1.0,ByBirth,0.0,228,0
0,47.0,,1.0,1,ConsumerDiscretionary,Asian,,1.0,1.0,9.0,1.0,ByBirth,0.0,0,1
1,26.67,1.75,0.0,0,Energy,White,1.0,1.0,1.0,5.0,1.0,ByBirth,160.0,5777,1
1,39.58,13.915,1.0,1,Industrials,White,8.625,1.0,1.0,6.0,1.0,ByBirth,70.0,0,1
1,20.17,9.25,1.0,1,Energy,White,1.665,1.0,1.0,3.0,1.0,ByBirth,40.0,28,1
1,28.46,10.5,1.0,1,Utilities,White,6.5,1.0,0.0,0.0,0.0,ByBirth,0.0,0,1
0,28.58,3.75,1.0,1,Energy,White,0.25,0.0,1.0,1.0,1.0,ByBirth,40.0,154,0
1,26.75,1.125,1.0,1,Utilities,Black,1.25,1.0,0.0,0.0,0.0,ByBirth,0.0,5298,1
1,52.42,1.5,1.0,1,Real Estate,White,3.75,0.0,0.0,0.0,1.0,ByBirth,0.0,350,0
1,21.17,0.0,1.0,1,Energy,White,0.5,0.0,0.0,0.0,1.0,ByOtherMeans,0.0,0,0
1,34.83,4.0,1.0,1,Real Estate,Asian,12.5,1.0,0.0,0.0,1.0,ByBirth,0.0,0,0
1,19.67,10.0,0.0,0,Financials,Black,0.835,1.0,0.0,0.0,1.0,ByBirth,140.0,0,0
1,34.58,0.0,1.0,1,Energy,White,0.0,0.0,0.0,0.0,0.0,Temporary,0.0,0,0
1,32.42,2.165,0.0,0,Financials,Latino,0.0,0.0,0.0,0.0,0.0,ByBirth,120.0,0,0
1,22.92,3.165,0.0,0,Energy,White,0.165,0.0,0.0,0.0,0.0,ByBirth,160.0,1058,0
1,36.08,2.54,1.0,1,Healthcare,Latino,0.0,0.0,0.0,0.0,0.0,ByBirth,0.0,1000,0
1,21.5,11.5,1.0,1,ConsumerDiscretionary,White,0.5,1.0,0.0,0.0,1.0,ByBirth,100.0,68,0
1,50.75,0.585,1.0,1,Healthcare,Latino,0.0,0.0,0.0,0.0,0.0,ByBirth,145.0,0,0
1,39.5,4.25,1.0,1,Energy,Asian,6.5,1.0,1.0,16.0,0.0,ByBirth,117.0,1210,1
1,21.17,0.25,0.0,0,Energy,Black,0.25,0.0,0.0,0.0,0.0,ByBirth,280.0,204,0
1,20.25,9.96,1.0,1,Education,Other,0.0,1.0,0.0,0.0,0.0,ByBirth,0.0,0,1
0,18.58,10.0,1.0,1,Real Estate,White,0.415,0.0,0.0,0.0,0.0,ByBirth,80.0,42,0
1,31.83,2.5,1.0,1,ConsumerStaples,White,7.5,1.0,0.0,0.0,1.0,ByBirth,523.0,0,0
1,36.75,0.125,0.0,0,Energy,White,1.5,0.0,0.0,0.0,1.0,ByBirth,232.0,113,1
0,22.92,11.585,1.0,1,InformationTechnology,White,0.04,1.0,0.0,0.0,0.0,ByBirth,80.0,1349,1
1,24.75,0.54,1.0,1,CommunicationServices,White,1.0,0.0,0.0,0.0,1.0,ByBirth,120.0,1,0
0,56.5,16.0,1.0,1,Research,Latino,0.0,1.0,1.0,15.0,0.0,ByBirth,0.0,247,1
1,28.46,0.375,,1,Real Estate,White,0.875,1.0,0.0,0.0,1.0,ByOtherMeans,928.0,0,0
1,22.75,11.5,1.0,1,ConsumerDiscretionary,White,0.415,0.0,0.0,0.0,0.0,ByBirth,0.0,0,0
1,28.25,5.125,1.0,1,Utilities,White,4.75,1.0,1.0,2.0,0.0,ByBirth,420.0,7,1
1,48.17,3.5,1.0,1,ConsumerStaples,White,3.5,1.0,0.0,0.0,0.0,ByOtherMeans,230.0,0,1
1,31.67,0.83,1.0,1,Utilities,White,1.335,1.0,1.0,8.0,1.0,ByBirth,303.0,3290,1
1,23.33,1.5,1.0,1,Energy,Black,1.415,1.0,0.0,0.0,0.0,ByBirth,422.0,200,1
1,26.17,12.5,0.0,0,Financials,Black,1.25,0.0,0.0,0.0,1.0,ByBirth,0.0,17,0
1,30.33,0.5,1.0,1,Real Estate,Black,0.085,0.0,0.0,0.0,1.0,ByOtherMeans,252.0,0,0
0,47.25,0.75,1.0,1,Materials,Black,2.75,1.0,1.0,1.0,0.0,ByBirth,333.0,892,1
0,17.83,11.0,1.0,1,Utilities,Black,1.0,1.0,1.0,11.0,0.0,ByBirth,0.0,3000,1
1,22.08,2.335,1.0,1,Financials,White,0.75,0.0,0.0,0.0,0.0,ByBirth,180.0,0,0
0,19.5,0.165,1.0,1,Materials,White,0.04,0.0,0.0,0.0,1.0,ByBirth,380.0,0,0
1,28.46,0.625,1.0,1,Financials,White,0.25,0.0,0.0,0.0,0.0,ByBirth,380.0,2010,0
0,19.17,5.415,1.0,1,ConsumerDiscretionary,Black,0.29,0.0,0.0,0.0,0.0,ByBirth,80.0,484,0
0,18.42,9.25,1.0,1,Materials,White,1.21,1.0,1.0,4.0,0.0,ByBirth,60.0,540,1
1,23.92,0.585,0.0,0,InformationTechnology,Black,0.125,0.0,0.0,0.0,0.0,ByBirth,240.0,1,0
1,15.17,7.0,1.0,1,Education,White,1.0,0.0,0.0,0.0,0.0,ByBirth,600.0,0,0
0,30.67,12.0,1.0,1,Energy,White,2.0,1.0,1.0,1.0,0.0,ByBirth,220.0,19,1
1,32.67,9.0,0.0,0,Industrials,Black,5.25,1.0,0.0,0.0,1.0,ByBirth,154.0,0,1
0,28.42,3.5,1.0,1,Industrials,White,0.835,1.0,0.0,0.0,0.0,ByOtherMeans,280.0,0,1
1,27.25,1.665,1.0,1,InformationTechnology,Black,5.085,1.0,1.0,9.0,0.0,ByBirth,399.0,827,1
1,37.33,2.665,1.0,1,InformationTechnology,White,0.165,0.0,0.0,0.0,1.0,ByBirth,0.0,501,0
0,38.58,5.0,1.0,1,InformationTechnology,White,13.5,1.0,0.0,0.0,1.0,ByBirth,980.0,0,0
0,20.67,1.835,1.0,1,Materials,White,2.085,1.0,1.0,5.0,0.0,ByBirth,220.0,2503,1
0,23.0,11.75,1.0,1,Utilities,Black,0.5,1.0,1.0,2.0,1.0,ByBirth,300.0,551,1
